<?xml version="1.0" encoding="UTF-8" ?>
<!DOCTYPE struts PUBLIC
	"-//Apache Software Foundation//DTD Struts Configuration 2.3//EN"
	"http://struts.apache.org/dtds/struts-2.3.dtd">

<struts>

    <constant name="struts.enable.DynamicMethodInvocation" value="true" />
    <constant name="struts.devMode" value="true" />

    <package name="default" namespace="/" extends="struts-default">
		<action name="login" class="cn.eason.infoSystem.Action.UserAction" method="login">
		
		</action>
		<action name="postString" class="cn.eason.infoSystem.Action.UserAction" method="postString">
		
		</action>
		<action name="unionList" class="cn.eason.infoSystem.Action.UnionAction" method="unionList">
		
		</action>
		<action name="departList" class="cn.eason.infoSystem.Action.UnionAction" method="departList">
		
		</action>
		<action name="ministerList" class="cn.eason.infoSystem.Action.DepartAction" method="ministerList">
		
		</action>
		<action name="updateUserInfo" class="cn.eason.infoSystem.Action.UserAction" method="updateUserInfo">
		
		</action>
    </package>

</struts>
